Program Number,Program Title,Fiscal Year,CFDA Obligation,USASpending Obligation Total
84.004,Civil Rights Training and Advisory Services,2010,6989000,0
23.002,Appalachian Area Development,2009,65451568,0
23.002,Appalachian Area Development,2010,68000000,0
64.110,Veterans Dependency and Indemnity Compensation for Service-Connected Death,2007,4547883000,0
64.110,Veterans Dependency and Indemnity Compensation for Service-Connected Death,2009,4974508000,0
93.342,"Health Professions Student Loans, Including Primary Care Loans/Loans for Disadvantaged Students",2009,24056441,0
93.342,"Health Professions Student Loans, Including Primary Care Loans/Loans for Disadvantaged Students",2010,20171302,0
19.017,Environmental and Scientific Partnerships and Programs,2008,22000000,0
19.017,Environmental and Scientific Partnerships and Programs,2009,32000000,0
93.716,ARRA  Temporary Assistance for Needy Families (TANF) Supplemental Grants ,2010,319450000,0
93.593,Job Opportunities for Low-Income Individuals,2010,2644000,0
93.506,ACA Nationwide Program for National and State Background Checks for Direct Patient Access Employees of Long Term Care Facilities and Providers ,2010,35000000,0
84.315,Capacity Building for Traditionally Underserved Populations,2010,2403250,0
93.515,Affordable Care Act (ACA) Nurse-Managed Health Clinics,2010,15000000,0
93.514,Affordable Care Act (ACA) Expansion of Physician Assistant Training Program,2010,32000000,0
84.083,Women's Educational Equity Program,2010,2423000,0
93.508,"Affordable Care Act (ACA) Tribal Maternal, Infant, and Early Childhood Home Visiting Program",2010,3000000,0
20.237,Commercial Vehicle Information Systems and Networks,2010,25000000,0
17.600,Mine Health and Safety Grants,2009,8441000,0
17.600,Mine Health and Safety Grants,2010,8441000,0
84.101,Career and Technical Education - Grants to Native Americans and Alaska Natives,2010,14511000,0
84.042,TRIO_Student Support Services,2010,301000000,0
93.652,Adoption Opportunities,2010,26379000,0
19.300,Program for Study of Eastern Europe and the Independent States of the Former Soviet Union,2007,4200000,0
93.595,"Welfare Reform Research, Evaluations and National Studies",2010,6000000,0
93.616,Mentoring Children of Prisoners,2010,49314000,0
93.406,Nursing Education Loan Repayment Program (NELRP),2009,26864400,0
84.051,Career and Technical Education -- National Programs,2010,7860000,0
84.048,Career and Technical Education -- Basic Grants to States,2010,1141988000,0
20.608,Minimum Penalties for Repeat Offenders for Driving While Intoxicated,2009,137572128,0
93.525,State Planning and Establishment Grants for the Affordable Care Act (ACA)s Exchanges,2010,51000000,0
93.581,Improving the Capability of Indian Tribal Governments to Regulate Environmental Quality,2010,2200000,0
93.407,ARRA - Scholarships for Disadvantaged Students,2010,20657570,0
93.631,Developmental Disabilities Projects of National Significance,2010,14162000,0
20.602,Occupant Protection Incentive Grants,2009,25000000,0
20.602,Occupant Protection Incentive Grants,2010,25000000,0
93.584,Refugee and Entrant Assistance_Targeted Assistance Grants,2010,43731000,0
93.510,Affordable Care Act (ACA) Primary Care Residency Expansion Program ,2010,168000000,0
93.599,Chafee Education and Training Vouchers Program (ETV),2010,45351000,0
17.805,Homeless Veterans Reintegration Project,2010,33652121,0
19.500,Middle East Partnership Initiative (MEPI) ,2009,50000000,0
19.500,Middle East Partnership Initiative (MEPI) ,2010,65000000,0
20.761,Biobased Transportation Research,2009,11466000,0
20.761,Biobased Transportation Research,2010,12840435,0
20.607,Alcohol Open Container Requirements,2009,103121656,0
17.311,Federal Transit Employee Protection Certifications: Office of Labor-Management Standards,2009,280000,0
17.311,Federal Transit Employee Protection Certifications: Office of Labor-Management Standards,2010,190000,0
93.511,Affordable Care Act (ACA) Grants to States for Health Insurance Premium Review,2010,51000000,0
84.031,Higher Education_Institutional Aid,2010,8600000,0
93.604,Assistance for Torture Victims,2010,10862000,0
93.720,ARRA - Survey and Certification Ambulatory Surgical Center Healthcare-Associated Infection (ASC-HAI) Prevention Initiative,2009,1000000,0
93.235,Abstinence Education Program,2010,50000000,0
59.057,America's Recovery Capital Loans,2009,255000000,0
93.570,Community Services Block Grant_Discretionary Awards,2010,36000000,0
17.279,Green Jobs Innovation Fund Grants,2010,23000000,0
21.011,Capital Magnet Fund,2010,80000000,0
23.001,Appalachian Regional Development (See individual Appalachian Programs),2009,65451568,0
23.001,Appalachian Regional Development (See individual Appalachian Programs),2010,68000000,0
84.388,"School Improvement Grants, Recovery Act",2009,3000000000,0
84.060,Indian Education_Grants to Local Educational Agencies,2010,104331000,0
16.014,"Engaging Men and Youth in Preventing Domestic Violence, Dating Violence, Sexual Assault, and Stalking",2009,464000,0
16.014,"Engaging Men and Youth in Preventing Domestic Violence, Dating Violence, Sexual Assault, and Stalking",2010,510400,0
93.594,Tribal Work Grants,2010,7633000,0
93.760,Rural PACE (Program of All-Inclusive Care for the Elderly) Provider Grant Program,2010,10000000,0
97.109,Disaster Housing Assistance Grant,2009,365354435,0
97.109,Disaster Housing Assistance Grant,2010,47569348,0
84.356,Alaska Native Educational Programs,2010,33315000,0
97.025,National Urban Search and Rescue (US&R) Response System,2010,29620000,0
84.206,Javits Gifted and Talented Students Education Grant Program,2010,7463000,0
93.774,Medicare_Supplementary Medical Insurance,2009,204493000000,0
93.774,Medicare_Supplementary Medical Insurance,2010,213335000000,0
84.329,Special Education_Studies and Evaluations,2009,9460000,0
84.329,Special Education_Studies and Evaluations,2010,11460000,0
12.119,Northern Wisconsin Environmental Infrastructure (Section 154) - ARRA,2009,1280000,0
12.119,Northern Wisconsin Environmental Infrastructure (Section 154) - ARRA,2010,30000,0
84.153,Business and International Education Projects,2010,4501048,0
93.301,Small Rural Hospital Improvement Grant Program,2010,14848033,0
97.097,Training Resource and Data Exchange,2009,93000,0
97.097,Training Resource and Data Exchange,2010,93000,0
97.024,Emergency Food and Shelter National Board Program,2009,200000000,0
97.024,Emergency Food and Shelter National Board Program,2010,200000000,0
15.425,Offshore Research Technology Center (OTRC) Texas Engineering Experiment Station (TEES),2007,400000,0
15.425,Offshore Research Technology Center (OTRC) Texas Engineering Experiment Station (TEES),2008,400000,0
15.425,Offshore Research Technology Center (OTRC) Texas Engineering Experiment Station (TEES),2009,400000,0
20.802,Federal Ship Financing Guarantees,2009,17444772,0
20.802,Federal Ship Financing Guarantees,2010,1420000,0
84.173,Special Education_Preschool Grants,2010,374099000,0
84.323,Special Education - State Personnel Development,2010,48000000,0
93.512,Affordable Care Act (ACA) Personal and Home Care Aide State Training Program (PHCAST),2010,5000000,0
15.026,Indian Adult Education,2010,2434000,0
97.034,Disaster Unemployment Assistance,2009,17950169,0
97.034,Disaster Unemployment Assistance,2010,20000000,0
93.964,Public Health Traineeships,2010,1436417,0
96.020,Special Benefits for Certain World War II Veterans,2007,11000000,0
84.325,Special Education - Personnel Development to Improve Services and Results for Children with Disabilities,2010,90653000,0
94.017,Senior Demonstration Program,2009,333000,0
94.017,Senior Demonstration Program,2010,243000,0
15.622,Sportfishing and Boating Safety Act,2010,13061000,0
93.932,Native Hawaiian Health Systems,2010,12750000,0
66.123,Puget Sound Action Agenda: Technical Investigations and Implementation Assistance Program ,2010,24000000,0
14.110,Manufactured Home Loan Insurance_Financing Purchase of Manufactured Homes as Principal Residences of Borrowers,2009,97185125,0
14.110,Manufactured Home Loan Insurance_Financing Purchase of Manufactured Homes as Principal Residences of Borrowers,2010,120000000,0
97.049,Presidential Declared Disaster Assistance - Disaster Housing Operations for Individuals and Households,2009,330717896,0
97.049,Presidential Declared Disaster Assistance - Disaster Housing Operations for Individuals and Households,2010,9731964,0
64.120,Post-Vietnam Era Veterans' Educational Assistance,2007,2256000,0
64.120,Post-Vietnam Era Veterans' Educational Assistance,2008,2256000,0
64.120,Post-Vietnam Era Veterans' Educational Assistance,2009,2172000,0
12.123,South Central Pennsylvania Envrionmental Infrastructure (Section 313) - ARRA,2009,6550000,0
12.123,South Central Pennsylvania Envrionmental Infrastructure (Section 313) - ARRA,2010,2000000,0
93.104,Comprehensive Community Mental Health Services for Children with Serious Emotional Disturbances (SED),2009,54042527,0
93.104,Comprehensive Community Mental Health Services for Children with Serious Emotional Disturbances (SED),2010,76640280,0
94.018,Learn and Serve America Innovative Community-Based Service-Learning Programs ,2010,5700000,0
84.366,Mathematics and Science Partnerships,2010,180478000,0
15.525,Rocky Boy's/North Central Montana Regional Water System,2009,19860000,0
95.001,High Intensity Drug Trafficking Areas Program,2009,234000000,0
95.001,High Intensity Drug Trafficking Areas Program,2010,239000000,0
84.217,TRIO_McNair Post-Baccalaureate Achievement,2010,47594000,0
97.094,Prevention Advocacy Resources and Data Exchange Program,2009,24000,0
97.094,Prevention Advocacy Resources and Data Exchange Program,2010,30000,0
97.044,Assistance to Firefighters Grant,2010,300000000,0
93.726,ARRA Accelerating Adoption of Comparative Effectiveness Research (CER),2010,14000000,0
84.229,Language Resource Centers,2010,5022000,0
84.400,"Centers for Independent Living, Recovery Act.",2009,87500000,0
15.060,Indian Vocational Training_United Tribes Technical College,2008,4000,0
85.105,Agriscience Awards,2010,95000,0
84.368,Grants for Enhanced Assessment Instruments,2010,10732000,0
94.022,Nonprofit Capacity Building,2010,1000000,0
84.334,Gaining Early Awareness and Readiness for Undergraduate Programs,2010,323212000,0
97.069,Aviation Research Grants,2009,6000000,0
97.069,Aviation Research Grants,2010,1200000,0
64.106,Specially Adapted Housing for Disabled Veterans,2007,27764000,0
64.106,Specially Adapted Housing for Disabled Veterans,2008,35910000,0
64.106,Specially Adapted Housing for Disabled Veterans,2009,35910000,0
97.055,Interoperable Emergency Communications,2010,48000000,0
97.071,Metropolitan Medical Response System,2009,39831404,0
97.071,Metropolitan Medical Response System,2010,41000000,0
12.631,"Science, Technology, Engineering and Mathematics (STEM) Educational Program: Science, Mathematics And Research for Transformation (SMART)",2009,32625000,0
12.631,"Science, Technology, Engineering and Mathematics (STEM) Educational Program: Science, Mathematics And Research for Transformation (SMART)",2010,37300000,0
84.275,Rehabilitation Training_General Training,2010,300000,0
84.246,Rehabilitation Short-Term Training,2010,750000,0
84.011,Migrant Education_State Grant Program,2010,394771000,0
84.263,Rehabilitation Training_Experimental and Innovative Training,2009,500000,0
84.263,Rehabilitation Training_Experimental and Innovative Training,2010,500000,0
57.005,Economic Recovery Payments,2009,129540000,0
57.005,Economic Recovery Payments,2010,350000,0
93.779,"Centers for Medicare and Medicaid Services (CMS) Research, Demonstrations and Evaluations",2009,30192000,0
93.779,"Centers for Medicare and Medicaid Services (CMS) Research, Demonstrations and Evaluations",2010,35600000,0
66.042,Temporally Integrated Monitoring of Ecosystems (TIME) and Long-Term Monitoring (LTM) Program,2010,720000,0
20.703,Interagency Hazardous Materials Public Sector Training and Planning Grants,2009,26112620,0
20.703,Interagency Hazardous Materials Public Sector Training and Planning Grants,2010,25869275,0
66.513,Greater Research Opportunities (GRO) Fellowships For Undergraduate Environmental Study,2009,1900000,0
66.513,Greater Research Opportunities (GRO) Fellowships For Undergraduate Environmental Study,2010,2100000,0
84.200,Graduate Assistance in Areas of National Need,2010,31030000,0
93.928,Special Projects of National Significance,2010,25000000,0
84.395,"State Fiscal Stabilization Fund (SFSF) - Race-to-the-Top Incentive Grants, Recovery Act",2010,4350000000,0
93.560,Family Support Payments to States_Assistance Payments,2010,33000000,0
94.021,Volunteer Generation Fund,2010,4000000,0
84.274,American Overseas Research Centers,2010,1197122,0
14.418,Private Enforcement Initiatives ,2009,21100000,0
14.418,Private Enforcement Initiatives ,2010,25575000,0
84.017,International Research and Studies,2010,6585577,0
93.940,HIV Prevention Activities_Health Department Based,2009,339224029,0
93.940,HIV Prevention Activities_Health Department Based,2010,343434016,0
93.419,ARRA - Maternal and Child Health (MCH) Pediatric Research Network Program,2010,3500000,0
81.129,"Energy Efficiency and Renewable Energy Technology Deployment, Demonstration and Commercialization",2009,19491478,0
81.129,"Energy Efficiency and Renewable Energy Technology Deployment, Demonstration and Commercialization",2010,1000000000,0
93.361,Nursing Research,2009,112819000,0
93.361,Nursing Research,2010,116372000,0
12.550,National Flagship Language Program Grants To U.S. Institutions Of Higher Education,2007,12000000,0
12.550,National Flagship Language Program Grants To U.S. Institutions Of Higher Education,2008,12000000,0
15.605,Sport Fish Restoration Program,2010,389552973,0
93.212,Chiropractic Demonstration Project Grants,2010,1945000,0
14.117,Mortgage Insurance_Homes,2009,330458852841,0
14.117,Mortgage Insurance_Homes,2010,299953826000,0
93.124,Nurse Anesthetist Traineeships,2010,1250000,0
20.233,Border Enforcement Grants,2009,32000000,0
20.233,Border Enforcement Grants,2010,32000000,0
16.607,Bulletproof Vest Partnership Program,2009,44036466,0
16.607,Bulletproof Vest Partnership Program,2010,29850000,0
64.014,Veterans State Domiciliary Care,2007,45034000,0
64.014,Veterans State Domiciliary Care,2008,49339000,0
64.014,Veterans State Domiciliary Care,2009,51190000,0
12.599,Congressionally Directed Assistance,2010,78000000,0
12.558,"Department of Defense Impact Aid (Supplement, CWSD, BRAC)",2008,35000000,0
12.558,"Department of Defense Impact Aid (Supplement, CWSD, BRAC)",2009,34000000,0
12.558,"Department of Defense Impact Aid (Supplement, CWSD, BRAC)",2010,49000000,0
12.557,Invitational Grants for Military-Connected Schools,2008,900000,0
12.557,Invitational Grants for Military-Connected Schools,2009,14500000,0
12.557,Invitational Grants for Military-Connected Schools,2010,15000000,0
84.295,Ready-To-Learn Television,2010,27248000,0
12.556,Competitive Grants: Promoting K-12 Student Achievement at Military-Connected Schools,2009,41300000,0
12.556,Competitive Grants: Promoting K-12 Student Achievement at Military-Connected Schools,2010,15000000,0
12.555,English for Heritage Language Speakers Scholarships,2007,2000000,0
97.052,Emergency Operations Centers,2010,57600000,0
97.030,Community Disaster Loans,2009,56800000,0
97.029,Flood Mitigation Assistance,2010,30000000,0
93.721,ARRA - Health Information Technology Professionals in Health Care,2010,83725950,0
15.611,Wildlife Restoration,2010,363800000,0
64.117,Survivors and Dependents Educational Assistance,2007,423335000,0
64.117,Survivors and Dependents Educational Assistance,2008,450646000,0
64.117,Survivors and Dependents Educational Assistance,2009,478067000,0
15.619,Rhinoceros and Tiger Conservation Fund,2010,2900000,0
66.041,Climate Showcase Communities Grant Program,2009,10000000,0
84.371,Striving Readers,2008,35371080,0
64.202,Procurement of Headstones and Markers and/or Presidential Memorial Certificates,2008,52761000,0
64.202,Procurement of Headstones and Markers and/or Presidential Memorial Certificates,2009,58093000,0
64.202,Procurement of Headstones and Markers and/or Presidential Memorial Certificates,2010,62557000,0
64.028,Post-9/11 Veterans Educational Assistance,2009,162053000,0
64.028,Post-9/11 Veterans Educational Assistance,2010,7363987000,0
66.305,Compliance Assistance Support for Services to the Regulated Community and Other Assistance Providers ,2010,1205000,0
15.527,"San Luis Unit, Central Valley Project",2010,4600000,0
84.376,National Science and Mathematics Access to Retain Talent (SMART) Grants,2010,475224000,0
84.243,Tech-Prep Education,2010,102923000,0
97.103,Degrees at a Distance Program ,2009,70000,0
97.103,Degrees at a Distance Program ,2010,70000,0
90.100,Denali Commission Program,2008,21000000,0
90.100,Denali Commission Program,2010,50000000,0
12.117,"ARRA Cooperative Agreements, New Mexico",2009,571610,0
84.359,Early Reading First,2010,162549000,0
84.265,Rehabilitation Training_State Vocational Rehabilitation Unit In-Service Training,2010,5664900,0
12.615,RESEARCH AND TECHNICAL ASSISTANCE,2007,643287,0
12.615,RESEARCH AND TECHNICAL ASSISTANCE,2008,1092332,0
97.112,Border Infrastructure Improvement Projects,2009,39733814,0
97.050,Presidential Declared Disaster Assistance to Individuals and Households - Other Needs,2009,83305762,0
97.050,Presidential Declared Disaster Assistance to Individuals and Households - Other Needs,2010,50000,0
93.018,Strengthening Public Health Services at the Outreach Offices of the U.S.-Mexico Border Health Commission,2009,2600000,0
93.018,Strengthening Public Health Services at the Outreach Offices of the U.S.-Mexico Border Health Commission,2010,2600000,0
97.104,"Homeland Security-related Science, Technology, Engineering and Mathematics (HS STEM) Career Development Program",2009,3500000,0
97.104,"Homeland Security-related Science, Technology, Engineering and Mathematics (HS STEM) Career Development Program",2010,2500000,0
15.028,Tribally Controlled Community College Endowments,2008,107000,0
15.028,Tribally Controlled Community College Endowments,2010,107000,0
93.975,National All Schedules Prescription Electronic Reporting Grant,2010,2000000,0
66.473,Direct Implementation Tribal Cooperative Agreements,2009,1160542,0
14.913,Healthy Homes Production Grant Program,2010,10000000,0
12.350,Department of Defense HIV/AIDS Prevention Program,2007,10000000,0
12.121,"Montana, Nevada, New Mexico, Utah, Idaho, & Wyoming Environmental Infrastructure (Section 595) - ARRA",2009,40186000,0
12.121,"Montana, Nevada, New Mexico, Utah, Idaho, & Wyoming Environmental Infrastructure (Section 595) - ARRA",2010,5103000,0
96.021,Social Security Economic Recovery Act Payments,2009,13000000000,0
84.360,High School Graduation Initiative,2010,50000000,0
66.437,Long Island Sound Program ,2009,3370258,0
66.437,Long Island Sound Program ,2010,6930000,0
70.003,Foreign Investment Insurance,2007,1200000000,0
93.913,Grants to States for Operation of Offices of Rural Health,2010,8200000,0
97.046,Fire Management Assistance Grant,2009,30000000,0
97.046,Fire Management Assistance Grant,2010,20000000,0
84.170,Javits Fellowships,2010,9687000,0
93.936,National Institutes of Health Acquired Immunodeficiency Syndrome Research Loan Repayment Program,2010,360000,0
97.010,Citizenship Education and Training,2009,1600000,0
97.010,Citizenship Education and Training,2010,7832500,0
97.083,Staffing for Adequate Fire and Emergency Response (SAFER),2009,210000000,0
97.083,Staffing for Adequate Fire and Emergency Response (SAFER),2010,420000000,0
93.780,Grants to States for Operation of Qualified High-Risk Pools,2010,55000000,0
97.118,Advanced Surveillance Program (ASP),2010,11500000,0
97.105,Firefighter Health and Safety,2009,371950,0
97.105,Firefighter Health and Safety,2010,496950,0
97.012,Boating Safety Financial Assistance,2009,133552127,0
97.012,Boating Safety Financial Assistance,2010,128938086,0
93.090,Guardianship Assistance,2010,1000000,0
15.815,National Land Remote Sensing_Education Outreach and Research,2009,967400,0
15.815,National Land Remote Sensing_Education Outreach and Research,2010,967400,0
15.813,Cooperative Research Units Training Program,2010,150000,0
15.406,National Park Service Centennial Challenge.,2008,25000000,0
84.234,Projects with Industry,2010,19197000,0
15.634,State Wildlife Grants,2010,76496527,0
84.354,Credit Enhancement for Charter School Facilities,2010,8300000,0
93.965,Coal Miners Respiratory Impairment Treatment Clinics and Services,2010,7200000,0
84.215,Fund for the Improvement of Education,2010,382632000,0
84.032,Federal Family Education Loans,2009,218000000,0
84.032,Federal Family Education Loans,2010,185000000,0
93.770,Medicare_Prescription Drug Coverage,2009,53197241904,0
93.770,Medicare_Prescription Drug Coverage,2010,64131000000,0
97.107,National Incident Management System (NIMS),2009,3839520,0
97.107,National Incident Management System (NIMS),2010,5978000,0
84.373,Special Education_Technical Assistance on State Data Collection,2010,25000000,0
19.022,Educational and Cultural Exchange Programs Appropriation Overseas Grants,2009,10000000,0
19.022,Educational and Cultural Exchange Programs Appropriation Overseas Grants,2010,10000000,0
84.269,Institute for International Public Policy,2010,1945000,0
97.099,Residential Fire Safety & Fire Sprinkler Initiatives ,2009,130000,0
97.099,Residential Fire Safety & Fire Sprinkler Initiatives ,2010,170000,0
14.129,"Mortgage Insurance_Nursing Homes, Intermediate Care Facilities, Board and Care Homes and Assisted Living Facilities",2009,1904573799,0
14.129,"Mortgage Insurance_Nursing Homes, Intermediate Care Facilities, Board and Care Homes and Assisted Living Facilities",2010,2650000000,0
97.022,Flood Insurance,2009,145680052,0
97.022,Flood Insurance,2010,146000000,0
84.365,English Language Acquisition Grants,2010,692500000,0
97.043,State Fire Training Systems Grants,2010,1400000,0
16.596,Correctional Grant Program for Indian Tribes,2010,10000000,0
84.293,Foreign Language Assistance,2010,26928000,0
84.310,Parental Information and Resource Centers,2010,39254000,0
97.089,Driver's License Security Grant Program,2010,50000000,0
84.318,Educational Technology State Grants,2010,100000000,0
84.144,Migrant Education_Coordination Program,2010,3000000,0
84.326,Special Education_Technical Assistance and Dissemination to Improve Services and Results for Children with Disabilities,2010,49549000,0
93.592,Family Violence Prevention and Services/Grants for Battered Women's Shelters_Discretionary Grants,2010,16214000,0
97.073,State Homeland Security Program (SHSP),2009,861265000,0
97.073,State Homeland Security Program (SHSP),2010,1077000000,0
20.316,Railroad Rehabilitation and Improvement Financing Program,2009,104334000,0
20.316,Railroad Rehabilitation and Improvement Financing Program,2010,600000000,0
84.165,Magnet Schools Assistance,2010,100000000,0
84.120,Minority Science and Engineering Improvement,2010,9503000,0
97.026,Emergency Management Institute_Training Assistance,2009,1466942,0
97.026,Emergency Management Institute_Training Assistance,2010,1500000,0
97.008,Non-Profit Security Program,2010,19000000,0
16.016,Culturally and Linguistically Specific Services Program,2010,14320301,0
15.614,"Coastal Wetlands Planning, Protection and Restoration Act",2010,18121000,0
84.160,Training Interpreters for Individuals who are Deaf and Individuals who are Deaf-Blind,2010,2096000,0
12.118,North Dakota Environmental Infrastructure (Section 594) - ARRA,2009,17398000,0
12.118,North Dakota Environmental Infrastructure (Section 594) - ARRA,2010,4677000,0
20.613,Child Safety and Child Booster Seats Incentive Grants,2010,7000000,0
20.710,Technical Assistance Grants,2009,1000000,0
20.710,Technical Assistance Grants,2010,1000000,0
20.764,Hydrogen Storage Research and Development,2009,500000,0
20.764,Hydrogen Storage Research and Development,2010,500000,0
20.700,Pipeline Safety Program Base Grants,2010,36459000,0
20.762,Research Grants,2009,500000,0
20.762,Research Grants,2010,8250000,0
20.720,State Damage Prevention Program Grants,2010,2100000,0
20.721,PHMSA Pipeline Safety Program One Call Grant,2010,1084900,0
20.722,Technology Development Grant,2009,500000,0
20.803,Maritime War Risk Insurance,2009,46000000,0
20.803,Maritime War Risk Insurance,2010,48000000,0
20.813,Maritime Security Fleet Program,2009,174000000,0
20.813,Maritime Security Fleet Program,2010,174000000,0
20.806,State Maritime Schools,2009,18000000,0
20.806,State Maritime Schools,2010,18000000,0
14.524,Transformation Initiative Research Grants: Natural Experiments,2010,600000,0
20.931,"Transportation Planning, Research and Education",2009,5300000,0
20.931,"Transportation Planning, Research and Education",2010,7500000,0
34.002,Labor Management Cooperation,2009,665192,0
34.002,Labor Management Cooperation,2010,349000,0
21.006,Tax Counseling for the Elderly,2009,5100000,0
21.006,Tax Counseling for the Elderly,2010,6100000,0
21.008,Low Income Taxpayer Clinics,2008,9000000,0
21.008,Low Income Taxpayer Clinics,2010,10000000,0
21.009,Volunteer Income Tax Assistance (VITA) Matching Grant Program,2009,8000000,0
21.009,Volunteer Income Tax Assistance (VITA) Matching Grant Program,2010,12000000,0
84.066,TRIO_Educational Opportunity Centers,2010,46800000,0
45.162,Promotion of the Humanities_Teaching and Learning Resources and Curriculum Development,2009,1322224,0
97.077,"Homeland Security Research Testing, Evaluation, and Demonstration of Technologies Related to Nuclear Detection",2009,15000000,0
45.302,Museum Assessment Program,2008,434278,0
64.203,State Cemetery Grants,2009,43500000,0
64.203,State Cemetery Grants,2010,43401000,0
93.773,Medicare_Hospital Insurance,2009,241093000000,0
93.773,Medicare_Hospital Insurance,2010,249031000000,0
15.814,National Geological and Geophysical Data Preservation Program,2009,500000,0
15.814,National Geological and Geophysical Data Preservation Program,2010,500000,0
45.304,Conservation Assessment Program,2008,793000,0
66.050,Potomac Highlands Implementation Grants ,2010,1800000,0
12.124,Mississippi Environmental Infrastructure (Section 592) - ARRA,2009,6568733,0
12.124,Mississippi Environmental Infrastructure (Section 592) - ARRA,2010,24622213,0
84.372,Statewide Data Systems,2010,48500000,0
47.081,Office of Experimental Program to Stimulate Competitive Research ,2007,102110000,0
47.081,Office of Experimental Program to Stimulate Competitive Research ,2008,111100000,0
64.005,Grants to States for Construction of State Home Facilities,2010,157607000,0
66.514,Science To Achieve Results (STAR) Fellowship Program ,2009,4900000,0
66.514,Science To Achieve Results (STAR) Fellowship Program ,2010,7900000,0
66.481,Lake Champlain Basin Program,2010,4000000,0
64.101,Burial Expenses Allowance for Veterans,2008,195949000,0
64.101,Burial Expenses Allowance for Veterans,2009,197593000,0
64.101,Burial Expenses Allowance for Veterans,2010,221408000,0
64.015,Veterans State Nursing Home Care,2007,451644000,0
64.015,Veterans State Nursing Home Care,2008,501046000,0
64.015,Veterans State Nursing Home Care,2009,524739000000,0
64.114,Veterans Housing_Guaranteed and Insured Loans,2007,24186118000,0
64.114,Veterans Housing_Guaranteed and Insured Loans,2008,34761311000,0
64.114,Veterans Housing_Guaranteed and Insured Loans,2009,35816558000,0
64.016,Veterans State Hospital Care,2007,6565000,0
64.016,Veterans State Hospital Care,2008,3346000,0
64.016,Veterans State Hospital Care,2009,3414000,0
84.367,Improving Teacher Quality State Grants,2010,2947749000,0
84.181,Special Education-Grants for Infants and Families,2010,439427000,0
64.105,"Pension to Veterans Surviving Spouses, and Children",2007,828121000,0
64.105,"Pension to Veterans Surviving Spouses, and Children",2008,896414000,0
64.105,"Pension to Veterans Surviving Spouses, and Children",2009,952792000,0
64.109,Veterans Compensation for Service-Connected Disability,2007,29091160000,0
64.109,Veterans Compensation for Service-Connected Disability,2008,32456880000,0
64.109,Veterans Compensation for Service-Connected Disability,2009,34689066000,0
64.124,All-Volunteer Force Educational Assistance,2007,1991078000,0
64.124,All-Volunteer Force Educational Assistance,2008,2164929000,0
64.124,All-Volunteer Force Educational Assistance,2009,2209673000,0
15.214,Non-Sale Disposals of Mineral Material,2009,5850000,0
15.214,Non-Sale Disposals of Mineral Material,2010,5900000,0
66.310,Capacity Building Grants and Cooperative Agreements for Compliance Assurance and Enforcement Activities in Indian Country and Other Tribal Areas,2010,299000,0
97.076,National Center for Missing and Exploited Children (NCMEC) ,2009,6203000,0
97.076,National Center for Missing and Exploited Children (NCMEC) ,2010,6305000,0
97.082,Earthquake Consortium,2009,3225000,0
97.082,Earthquake Consortium,2010,3555000,0
97.093,Fire Service Hazardous Materials Preparedness and Response,2009,50000,0
97.093,Fire Service Hazardous Materials Preparedness and Response,2010,50000,0
84.132,Centers for Independent Living,2010,80266000,0
93.089,Emergency System for Advance Registration of Volunteer Health Professionals,2009,3115389,0
93.089,Emergency System for Advance Registration of Volunteer Health Professionals,2010,3672000,0
10.451,Noninsured Assistance,2009,62064000,0
10.451,Noninsured Assistance,2010,121638000,0
84.149,Migrant Education_College Assistance Migrant Program,2010,16536229,0
84.382,Strengthening Minority-Serving Institutions,2010,5000000,0
10.446,Rural Community Development Initiative,2009,4241055,0
10.446,Rural Community Development Initiative,2010,6256000,0
10.447,The Rural Development (RD) Multi-Family Housing  Revitalization Demonstration Program  (MPR),2010,27000000,0
10.449,Boll Weevil Eradication Loan Program,2010,100000000,0
10.479,Food Safety Cooperative Agreements,2009,9302882,0
10.479,Food Safety Cooperative Agreements,2010,8879000,0
10.553,School Breakfast Program,2009,2568996185,0
10.553,School Breakfast Program,2010,2897802000,0
93.211,Telehealth Programs,2010,350000,0
91.003,91.003 Annual Senior Fellowship Competition,2009,895100,0
91.003,91.003 Annual Senior Fellowship Competition,2010,929500,0
10.556,Special Milk Program for Children,2009,1436574,0
10.556,Special Milk Program for Children,2010,11888000,0
10.558,Child and Adult Care Food Program,2010,2615929000,0
10.582,Fresh Fruit and Vegetable Program ,2009,65000000,0
10.582,Fresh Fruit and Vegetable Program ,2010,101000000,0
10.566,Nutrition Assistance For Puerto Rico,2009,1760435000,0
84.299,Indian Education -- Special Programs for Indian Children,2010,19060000,0
10.674,Forest Products Lab: Technology Marketing Unit  (TMU),2010,4226784,0
10.681,Wood  Education and Resource  Center (WERC),2010,1400000,0
84.256,Territories and Freely Associated States Education Grant Program,2010,3701828,0
10.683,National Fish and Wildlife Foundation,2010,3000000,0
84.191,Adult Education_National Leadership Activities,2009,6878000,0
84.191,Adult Education_National Leadership Activities,2010,11346000,0
10.690,Lake Tahoe Erosion Control Grant Program,2010,10000000,0
10.759,Part 1774  Special Evaluation Assistance for Rural Communities and Households Program (SEARCH),2009,5000000,0
10.759,Part 1774  Special Evaluation Assistance for Rural Communities and Households Program (SEARCH),2010,5000000,0
10.783,Rural Business Enterprise Grants - ARRA,2008,54612299,0
84.335,Child Care Access Means Parents in School,2010,16034000,0
10.694,Southwest Forest Health and Wildfire Prevention,2009,2600000,0
10.694,Southwest Forest Health and Wildfire Prevention,2010,2000000,0
10.695,Eastern Nevada Landscape Restoration Project (ENLRP),2010,140000,0
10.761,Technical Assistance and Training Grants,2010,19000000,0
10.763,Emergency Community Water Assistance Grants,2010,2648485,0
10.762,Solid Waste Management Grants,2010,3441000,0
84.220,Centers for International Business Education,2010,12757000,0
10.777,Norman E. Borlaug International Agricultural Science and Technology Fellowship,2009,1647615,0
10.777,Norman E. Borlaug International Agricultural Science and Technology Fellowship,2010,1340181,0
84.235,Rehabilitation Services Demonstration and Training Programs,2010,6506000,0
10.433,Rural Housing Preservation Grants,2010,10146815,0
10.787,Broadband Initiatives Program,2010,2338011000,0
84.245,Tribally Controlled Postsecondary Career and Technical Institutions ,2010,8162000,0
84.250,Rehabilitation Services_American Indians with Disabilities,2010,37449000,0
10.864,Grant Program to Establish a Fund for Financing Water and Wastewater Projects,2010,497000,0
84.259,Native Hawaiian Career and Technical Education,2010,2902000,0
10.858,Denali Commmission Grants and Loans,2010,8000000,0
10.859,Assistance to High Energy Cost Rural Communities,2010,18000000,0
10.862,Household Water Well System Grant Program,2010,993000,0
10.960,Technical Agricultural Assistance,2007,7000000,0
10.863,Community Connect Grant Program,2010,24161951,0
10.865,Biorefinery Assistance,2009,224955,0
10.865,Biorefinery Assistance,2010,189848,0
10.437,Interest Assistance Program,2009,149709000,0
10.437,Interest Assistance Program,2010,170000000,0
10.962,Cochran Fellowship Program-International Training-Foreign Participant,2009,530444,0
10.962,Cochran Fellowship Program-International Training-Foreign Participant,2010,1300000,0
10.961,Scientific Cooperation and Research,2009,300000,0
10.961,Scientific Cooperation and Research,2010,350000,0
11.012,Integrated Ocean Observing System (IOOS),2010,14555000,0
10.861,Public Television Station Digital Transition Grant Program,2010,4500000,0
11.011,Ocean Exploration,2010,18607000,0
11.302,Economic Development_Support for Planning Organizations,2010,31000000,0
11.312,Research and Evaluation Program,2010,1500000,0
11.400,Geodetic Surveys and Services (Geodesy and Applications of the National Geodetic Reference System),2009,14435000,0
11.400,Geodetic Surveys and Services (Geodesy and Applications of the National Geodetic Reference System),2010,6500000,0
11.419,Coastal Zone Management Administration Awards,2008,87873223,0
11.419,Coastal Zone Management Administration Awards,2009,85476767,0
11.419,Coastal Zone Management Administration Awards,2010,89150000,0
11.420,Coastal Zone Management Estuarine Research Reserves,2009,28542977,0
11.420,Coastal Zone Management Estuarine Research Reserves,2010,20412000,0
11.429,Marine Sanctuary Program,2008,7471346,0
11.429,Marine Sanctuary Program,2009,8551500,0
11.429,Marine Sanctuary Program,2010,7185500,0
11.430,Undersea Research,2010,8000000,0
11.435,Southeast Area Monitoring and Assessment Program,2008,3716304,0
11.437,Pacific Fisheries Data Program,2008,18412514,0
11.455,Cooperative Science and Education Program,2008,1950692,0
11.459,Weather and Air Quality Research,2010,500000,0
84.336,Teacher Quality Partnership Grants,2010,43000000,0
11.462,Hydrologic Research,2008,634735,0
11.462,Hydrologic Research,2009,1101599,0
11.462,Hydrologic Research,2010,1100000,0
84.332,Comprehensive School Reform Demonstration,2009,1605000,0
11.472,Unallied Science Program,2008,15540052,0
84.333,"Demonstration Projects to Support Postsecondary Faculty, Staff, and Administrations in Educating Students with Disabilities",2010,6755000,0
84.375,Academic Competitiveness Grants,2010,678184000,0
11.559,Low-Power Television and Translator Upgrade Program,2009,652000,0
11.558,State Broadband Data and Development Grant Program,2009,325000,0
11.603,National Standard Reference Data System,2007,4281000,0
84.350,Transition to Teaching,2010,43707000,0
14.183,Home Equity Conversion Mortgages,2009,15579827000,0
14.183,Home Equity Conversion Mortgages,2010,16715037124,0
84.337,International Education_Technological Innovation and Cooperation for Foreign Information Access,2010,2108169,0
84.345,Underground Railroad Educational and Cultural Program,2010,1945000,0
14.128,Mortgage Insurance_Hospitals,2009,1111124021,0
14.128,Mortgage Insurance_Hospitals,2010,3450000000,0
14.135,"Mortgage Insurance_Rental and Cooperative Housing for Moderate Income Families and Elderly, Market Interest Rate",2009,6644700,0
14.135,"Mortgage Insurance_Rental and Cooperative Housing for Moderate Income Families and Elderly, Market Interest Rate",2010,118000000,0
84.369,Grants for State Assessments and Related Activities,2010,410732000,0
14.155,Mortgage Insurance for the Purchase or Refinancing of Existing Multifamily Housing Projects,2009,2102044300,0
14.155,Mortgage Insurance for the Purchase or Refinancing of Existing Multifamily Housing Projects,2010,3900000000,0
84.364,Improving Literacy Through School Libraries,2010,19145000,0
14.167,"Mortgage Insurance_Two Year Operating Loss Loans, Section 223(d)",2009,6644300,0
14.167,"Mortgage Insurance_Two Year Operating Loss Loans, Section 223(d)",2010,4000000,0
10.051,Commodity Loans and Loan Deficiency Payments,2010,178555000,0
15.937,Redwood National Park Cooperative Management with the State of California,2009,132800,0
15.937,Redwood National Park Cooperative Management with the State of California,2010,961394,0
84.374,Teacher Incentive Fund,2010,400000000,0
14.188,Housing Finance Agencies (HFA) Risk Sharing,2009,23954550,0
14.188,Housing Finance Agencies (HFA) Risk Sharing,2010,300000000,0
14.189,Qualified Participating Entities (QPE) Risk Sharing,2009,13470000,0
14.189,Qualified Participating Entities (QPE) Risk Sharing,2010,30000000,0
14.199,Multifamily Property Disposition,2009,1160683,0
14.227,Community Development Block Grants/Technical Assistance Program,2009,5000000,0
14.311,Single Family Property Disposition,2009,3593445076,0
14.311,Single Family Property Disposition,2010,9152560178,0
84.380,Special Education -- Olympic Education Programs,2010,8095000,0
84.381,"Baccalaureate Degrees in Science, Technology, Engineering, Mathematics, and Critical Foreign Languages and Master's Degrees in Science, Technology, Engineering, Mathematics, and Critical Foreign Languages",2010,2184000,0
14.246,Community Development Block Grants/Brownfields Economic Development Initiative,2010,172844000,0
14.248,Community Development Block Grants_Section 108 Loan Guarantees,2009,275000000,0
14.248,Community Development Block Grants_Section 108 Loan Guarantees,2010,275000000,0
14.252,Section 4 Capacity Building for Community Development and Affordable Housing,2009,34000000,0
14.252,Section 4 Capacity Building for Community Development and Affordable Housing,2010,50000000,0
10.054,Emergency Conservation Program,2010,95000000,0
64.103,Life Insurance for Veterans,2007,3149116,0
64.103,Life Insurance for Veterans,2008,3117896,0
64.103,Life Insurance for Veterans,2009,2599540,0
16.203,Comprehensive Approaches to Sex Offender Management Discretionary Grant (CASOM),2010,3500000,0
10.870,Rural Microentrepreneur Assistance Program,2010,30000,0
84.384,"Statewide Data Systems, Recovery Act",2009,250000000,0
14.316,Housing Counseling Training Program,2009,5000000,0
14.316,Housing Counseling Training Program,2010,8000000,0
14.514,Hispanic-Serving Institutions Assisting Communities,2009,6000000,0
14.514,Hispanic-Serving Institutions Assisting Communities,2010,6454800,0
14.516,Doctoral Dissertation Research Grants,2009,200000,0
14.516,Doctoral Dissertation Research Grants,2010,400000,0
14.520,Historically Black Colleges and Universities Program,2010,9682200,0
14.523,Transformation Initiative Research Grants: Sustainable Community Research Grant Program,2010,1500000,0
90.202,Delta Local Development District Assistance,2007,396000,0
90.202,Delta Local Development District Assistance,2008,396000,0
90.202,Delta Local Development District Assistance,2009,396000,0
14.865,Public and Indian Housing_Indian Loan Guarantee Program,2009,501538997,0
14.865,Public and Indian Housing_Indian Loan Guarantee Program,2010,919000000,0
84.396,"State Fiscal Stabilization Fund (SFSF) - Investing in Innovation (i3) Fund, Recovery Act",2010,100000000,0
14.869,Title VI Federal Guarantees for Financing Tribal Housing Activities,2009,7921789,0
14.869,Title VI Federal Guarantees for Financing Tribal Housing Activities,2010,18000000,0
14.873,Native Hawaiian Housing Block Grants,2010,11000000,0
14.874,Loan Guarantees for Native Hawaiian Housing ,2009,14111848,0
14.874,Loan Guarantees for Native Hawaiian Housing ,2010,41504000,0
84.401,"Impact Aid School Construction, Recovery Act",2009,60000000,0
14.877,Public Housing Family Self-Sufficiency under Resident Opportunity and Supportive Services,2009,12000000,0
14.877,Public Housing Family Self-Sufficiency under Resident Opportunity and Supportive Services,2010,15000000,0
14.878,Affordable Housing Development in Main Street Rejuvenation Projects,2009,4000000,0
14.878,Affordable Housing Development in Main Street Rejuvenation Projects,2010,4000000,0
14.515,Alaska Native/Native Hawaiian Institutions Assisting Communities,2010,3232350,0
14.880,Family Unification Program (FUP),2009,19913290,0
14.880,Family Unification Program (FUP),2010,30905691,0
14.881,Moving to Work Demonstration Program,2009,3483595367,0
14.881,Moving to Work Demonstration Program,2010,3818033687,0
84.407,Transition Programs for Students with Intellectual Disabilities into Higher Education,2010,11000000,0
14.889,Choice Neighborhoods ,2010,65000000,0
14.890,Capital Fund Education and Training Community Facilities,2010,35000000,0
14.900,Lead-Based Paint Hazard Control in Privately-Owned Housing,2010,62000000,0
84.408,Postsecondary Education Scholarships for Veteran's Dependents,2010,232000,0
15.020,Aid To Tribal Governments,2009,33887000,0
15.020,Aid To Tribal Governments,2010,33195000,0
15.021,Consolidated Tribal Government Program,2010,76964252,0
85.002,MCC Foreign Assistance for Overseas Programs,2009,7400000,0
15.022,Tribal Self-Governance,2010,349700000,0
14.519,Tribal Colleges and Universities Program,2010,5380650,0
15.030,Indian Law Enforcement,2007,116560200,0
85.003,MCC Domestic Assistance for Overseas Programs,2009,7400000,0
15.034,Agriculture on Indian Lands,2010,10844649,0
15.035,Forestry on Indian Lands,2010,14000000,0
85.102,Christopher Columbus Awards,2009,243759,0
85.102,Christopher Columbus Awards,2010,265000,0
15.038,Minerals and Mining on Indian Lands,2010,2110364,0
85.200,Barry M. Goldwater Scholarship Program,2007,300000000,0
15.037,Water Resources on Indian Lands,2010,5000000,0
15.040,Real Estate Programs_Indian Lands,2009,4247141,0
15.040,Real Estate Programs_Indian Lands,2010,4247141,0
85.300,Woodrow Wilson Center Fellowships in the Humanities and Social Sciences,2007,1405000,0
15.042,Indian School Equalization Program,2010,225600000,0
15.114,Indian Education_Higher Education Grant Program,2010,31051106,0
85.400,Morris K. Udall Scholarship Program,2008,390042,0
85.400,Morris K. Udall Scholarship Program,2009,417500,0
85.400,Morris K. Udall Scholarship Program,2010,417500,0
15.043,Indian Child and Family Education,2010,7000000,0
15.046,Administrative Cost Grants for Indian Schools,2010,43373000,0
89.005,Cooperative Agreements to Support the Programs of the National Archives and Records Administration (NARA),2009,25000,0
89.005,Cooperative Agreements to Support the Programs of the National Archives and Records Administration (NARA),2010,75000,0
15.045,Assistance for Indian Children with Severe Disabilities,2010,3737,0
15.057,Navajo-Hopi Indian Settlement Program,2007,229600,0
15.059,Indian Graduate Student Scholarships,2010,2164000,0
15.062,Replacement and Repair of Indian Schools,2010,277700000,0
15.065,Safety of Dams on Indian Lands,2010,15152514,0
15.113,Indian Social Services_Welfare Assistance,2010,63090962,0
15.148,Tribal Energy Development Capacity Grants,2007,374773,0
15.148,Tribal Energy Development Capacity Grants,2008,1000000,0
14.408,Fair Housing Initiatives Program,2009,26300000,0
14.525,Transformation Initiative Research Grants: Demonstration and Related Small Grants,2010,400000,0
14.260,Veterans Homelessness Prevention Demonstration Program,2009,10750000,0
15.225,Recreation Resource Management,2009,6246000,0
15.225,Recreation Resource Management,2010,6500000,0
90.402,Help America Vote Mock Election Program,2008,200000,0
15.227,Distribution of Receipts to State and Local Governments,2009,111942000,0
15.227,Distribution of Receipts to State and Local Governments,2010,97949250,0
15.130,Indian Education_Assistance to Schools,2009,13797000,0
15.130,Indian Education_Assistance to Schools,2010,13589000,0
15.254,Summer Watershed Intern,2009,40000,0
15.254,Summer Watershed Intern,2010,50000,0
90.403,U.S. Election Assistance Commission Research Grants,2010,8000000,0
15.235,Southern Nevada Public Land Management,2007,425000000,0
15.235,Southern Nevada Public Land Management,2008,96000000,0
15.229,Wild Horse and Burro Resource Management,2009,4555309,0
15.229,Wild Horse and Burro Resource Management,2010,4000000,0
15.230,Invasive and Noxious Plant Management,2009,4647869,0
15.230,Invasive and Noxious Plant Management,2010,4650000,0
15.428,Marine Gas Hydrate Research Activities,2008,850000,0
15.407,Keweenaw National Historical Park (NHP) and Keweenaw NHP Advisory Commission Partner Enhancement Grants,2009,40480,0
15.407,Keweenaw National Historical Park (NHP) and Keweenaw NHP Advisory Commission Partner Enhancement Grants,2010,100000,0
15.427,Federal Oil and Gas Royalty Management,2010,10420000,0
15.509,Colorado River Basin Salinity Control Program,2009,11000000,0
15.510,Colorado Ute Indian Water Rights Settlement Act,2009,44641000,0
15.510,Colorado Ute Indian Water Rights Settlement Act,2010,49128000,0
15.513,Dutch John Federal Property and Disposition  Assistance Act,2009,393920,0
15.513,Dutch John Federal Property and Disposition  Assistance Act,2010,388799,0
15.518,Garrison Diversion Unit,2010,25300000,0
15.522,Mni Wiconi Rural Water Supply Project,2010,32200000,0
93.041,"Special Programs for the Aging_Title VII, Chapter 3_Programs for Prevention of Elder Abuse, Neglect, and Exploitation",2010,5005440,0
15.526,San Gabriel Basin Restoration Project,2010,3470000,0
15.529,Upper Colorado and San Juan River Basins Endangered Fish Recovery Programs,2010,7005670,0
93.044,"Special Programs for the Aging_Title III, Part B_Grants for Supportive Services and Senior Centers",2009,351348000,0
93.044,"Special Programs for the Aging_Title III, Part B_Grants for Supportive Services and Senior Centers",2010,361348000,0
15.530,Water Conservation Field Services Program (WCFSP),2009,2532102,0
15.530,Water Conservation Field Services Program (WCFSP),2010,2500000,0
14.416,Educaction and Outreach Initiatives,2009,3100000,0
14.416,Educaction and Outreach Initiatives,2010,7980000,0
14.419,Section 3 Technical Assistance,2010,600000,0
15.540,Lake Mead/Las Vegas Wash Program,2009,1354812,0
15.540,Lake Mead/Las Vegas Wash Program,2010,1401888,0
15.542,Arizona Water Settlement Act of 2004,2010,37000000,0
15.534,"Miscellaneous Public Law 93-638 Contracts, Grants, and Cooperative Agreements",2009,36236380,0
15.621,Asian Elephant Conservation Fund,2010,1900000,0
15.250,Regulation of Surface Coal Mining and Surface Effects of Underground Coal Mining,2009,65536000,0
15.250,Regulation of Surface Coal Mining and Surface Effects of Underground Coal Mining,2010,68643200,0
15.635,Neotropical Migratory Bird Conservation ,2010,4850000,0
15.639,Tribal Wildlife Grants Program,2009,7000000,0
15.639,Tribal Wildlife Grants Program,2010,7000000,0
15.640,Wildlife Without Borders- Latin America and the Caribbean ,2009,1111504,0
15.640,Wildlife Without Borders- Latin America and the Caribbean ,2010,957875,0
15.641,Wildlife Without Borders-Mexico ,2010,802988,0
15.645,Marine Turtle Conservation Fund,2010,1920000,0
15.648,Central Valley Project Improvement  (CVPI) Anadromous Fish Restoration Program (AFRP),2007,8754544,0
15.650,Research Grants (Generic),2008,50000,0
15.650,Research Grants (Generic),2009,50000,0
15.653,National Outreach and Communication Program,2007,12000000,0
15.653,National Outreach and Communication Program,2009,13000000,0
15.655,"Migratory Bird Monitoring, Assessment and Conservation",2007,2278500,0
15.656,"Recovery Act Funds - Habitat Enhancement, Restoration and Improvement.",2010,13000000,0
15.922,Native American Graves Protection and Repatriation Act,2008,2400000,0
15.922,Native American Graves Protection and Repatriation Act,2009,2350000,0
15.923,National Center for Preservation Technology and Training,2008,165415,0
15.926,American Battlefield Protection,2007,492184,0
15.928,Civil War Battlefield Land Acquisition Grants,2007,4000000,0
15.928,Civil War Battlefield Land Acquisition Grants,2008,3000000,0
15.928,Civil War Battlefield Land Acquisition Grants,2009,3000000,0
19.025,U.S. Ambassadors Fund for Cultural Preservation,2009,5228000,0
19.025,U.S. Ambassadors Fund for Cultural Preservation,2010,5960000,0
15.930,Chesapeake Bay Gateways Network,2007,480350,0
15.930,Chesapeake Bay Gateways Network,2008,550000,0
15.930,Chesapeake Bay Gateways Network,2009,600000,0
16.015,Missing Alzheimer's Disease Patient Assistance Program,2009,1703987,0
16.015,Missing Alzheimer's Disease Patient Assistance Program,2010,2000000,0
15.936,Shenandoah Valley Battlefields National Historic District Battlefield Acquisition and Protection,2008,1665488,0
15.936,Shenandoah Valley Battlefields National Historic District Battlefield Acquisition and Protection,2009,493000,0
16.013,Violence Against Women Act Court Training and Improvement Grants,2009,1900000,0
16.013,Violence Against Women Act Court Training and Improvement Grants,2010,2090000,0
15.934,Abandoned Mine Hazard Mitigation,2009,4000000,0
15.934,Abandoned Mine Hazard Mitigation,2010,7000000,0
15.938,Boston African-American National Historic Site Cooperative Agreement with the Museum of African American History,2010,4200000,0
93.157,Centers of Excellence,2010,24602000,0
16.562,Criminal Justice Research and Development_Graduate Research Fellowships,2009,120000,0
16.562,Criminal Justice Research and Development_Graduate Research Fellowships,2010,125000,0
16.123,Community-Based Violence Prevention Program,2010,9959760,0
16.544,Youth Gang Prevention,2009,2292662,0
16.544,Youth Gang Prevention,2010,4978573,0
16.307,Combined DNA Index System,2008,15238207,0
16.307,Combined DNA Index System,2009,15586000,0
16.307,Combined DNA Index System,2010,14727000,0
16.524,Legal Assistance for Victims,2010,29686026,0
16.527,"Supervised Visitation, Safe Havens for Children",2010,11788274,0
16.543,Missing Children's Assistance,2010,69794196,0
16.571,Public Safety Officers' Benefits Program,2009,103628213,0
16.571,Public Safety Officers' Benefits Program,2010,66000000,0
16.541,"Part E - Developing, Testing and Demonstrating Promising New Programs",2009,82073777,0
16.541,"Part E - Developing, Testing and Demonstrating Promising New Programs",2010,91095000,0
16.540,Juvenile Justice and Delinquency Prevention_Allocation to States,2010,74952476,0
16.556,State Domestic Violence and Sexual Assault Coalitions,2010,18165794,0
16.557,Tribal Domestic Violence and Sexual Assault Coalitions Grant Program,2010,5907310,0
16.566,National Institute of Justice W.E.B. DuBois Fellowship Program,2009,75000,0
16.566,National Institute of Justice W.E.B. DuBois Fellowship Program,2010,100000,0
16.589,"Rural Domestic Violence, Dating Violence, Sexual Assault, and Stalking Assistance Program",2010,42185107,0
16.595,Community Capacity Development Office,2010,19580000,0
16.575,Crime Victim Assistance,2010,409949000,0
16.731,Tribal Youth Program,2010,24730584,0
16.525,"Grants to Reduce Domestic Violence, Dating Violence, Sexual Assault, and Stalking on Campus",2010,11647968,0
16.587,Violence Against Women Discretionary Grants for Indian Tribal Governments,2010,33695903,0
16.576,Crime Victim Compensation,2010,200228000,0
16.583,Children's Justice Act Partnerships for Indian Communities,2010,3000000,0
19.345,"International Programs to Support Democracy, Human Rights and Labor",2008,63481600,0
19.345,"International Programs to Support Democracy, Human Rights and Labor",2009,79000000,0
19.345,"International Programs to Support Democracy, Human Rights and Labor",2010,70000000,0
16.321,Antiterrorism Emergency Reserve,2010,50000000,0
16.603,Corrections_Technical Assistance/Clearinghouse,2007,4095086,0
16.603,Corrections_Technical Assistance/Clearinghouse,2008,4000000,0
16.603,Corrections_Technical Assistance/Clearinghouse,2009,4000000,0
16.606,State Criminal Alien Assistance Program,2009,393608390,0
16.606,State Criminal Alien Assistance Program,2010,328350000,0
16.018,Services to Advocate for and Respond to Youth,2010,3500000,0
16.609,Project Safe Neighborhoods,2010,15000000,0
16.610,Regional Information Sharing Systems,2010,45000000,0
20.317,Capital Assistance to States - Intercity Passenger Rail Service,2009,28107927,0
20.317,Capital Assistance to States - Intercity Passenger Rail Service,2010,91893073,0
16.611,Closed-Circuit Televising of Child Victims of Abuse,2009,701468,0
16.611,Closed-Circuit Televising of Child Victims of Abuse,2010,1000000,0
16.615,Public Safety Officers' Educational Assistance,2009,1015112,0
16.615,Public Safety Officers' Educational Assistance,2010,4100000,0
10.217,Higher Education Challenge Grants,2010,5407624,0
16.616,Indian Country Alcohol and Drug Prevention,2010,12000000,0
16.710,Public Safety Partnership and Community Policing Grants,2010,6366889,0
16.726,Juvenile Mentoring Program,2010,98798197,0
16.602,Corrections_Research and Evaluation and Policy Formulation,2007,3238211,0
16.602,Corrections_Research and Evaluation and Policy Formulation,2008,3238000,0
16.602,Corrections_Research and Evaluation and Policy Formulation,2009,3238000,0
16.684,Supporting Teens through Education and Protection Act of 2005 (STEP Act),2010,2500000,0
16.740,Statewide Automated Victim Information Notification (SAVIN) Program,2010,11900000,0
16.730,Reduction and Prevention of Children's Exposure to Violence,2009,202833,0
16.730,Reduction and Prevention of Children's Exposure to Violence,2010,4971959,0
16.735,Protecting Inmates and Safeguarding Communities Discretionary Grant Program ,2009,2371183,0
16.735,Protecting Inmates and Safeguarding Communities Discretionary Grant Program ,2010,13300000,0
16.742,Paul Coverdell Forensic Sciences Improvement Grant Program,2010,34950000,0
16.745,Criminal and Juvenile Justice and Mental Health Collaboration Program,2010,12000000,0
16.737,Gang Resistance Education and Training,2010,4978573,0
16.741,Forensic DNA Backlog Reduction Program,2010,155263000,0
16.751,Edward Byrne Memorial Competitive Grant Program,2009,28044693,0
16.751,Edward Byrne Memorial Competitive Grant Program,2010,49914445,0
16.752,Economic High-Tech and Cyber Crime Prevention,2009,17503490,0
16.752,Economic High-Tech and Cyber Crime Prevention,2010,19900000,0
16.749,Radiation Exposure Compensation Program,2007,38000000,0
16.749,Radiation Exposure Compensation Program,2008,31000000,0
16.750,Support for Adam Walsh Act Implementation Grant Program,2010,11915000,0
16.754,Harold Rogers Prescription Drug Monitoring Program,2010,7000000,0
10.227,1994 Institutions Research Program,2010,1678480,0
16.800,Recovery Act - Internet Crimes against Children Task Force Program (ICAC),2009,49078898,0
16.805,Recovery Act Transitional Housing,2010,50000000,0
16.806,Recovery Act - Violence Against Women Discretionary Grants For Indian Tribal Governments,2010,22500000,0
16.017,Sexual Assault Services Formula Program ,2010,20111091,0
15.629,Great Apes Conservation Fund,2010,2400000,0
15.630,Coastal Program,2009,4022000,0
15.630,Coastal Program,2010,6000000,0
15.626,Firearm and Bow Hunter Education and Safety Program,2010,8000000,0
15.628,Multistate Conservation Grant Program,2010,4414475,0
16.815,"Tribal Civil and Criminal Legal Assistance Grants, Training and Technical Assistance",2010,3000000,0
16.816,John R.  Justice Prosecutors and Defenders Incentive Act,2010,10000000,0
17.802,Veterans' Employment Program,2009,7568149,0
17.802,Veterans' Employment Program,2010,9547114,0
16.755,Southwest Border Prosecution Initiative Program,2009,30289346,0
16.755,Southwest Border Prosecution Initiative Program,2010,30650000,0
17.270,Reintegration of Ex-Offenders,2009,86000000,0
16.814,Northern Border Prosecution Initiative Program,2009,5330097,0
16.814,Northern Border Prosecution Initiative Program,2010,2950000,0
17.271,Work Opportunity Tax Credit Program (WOTC) ,2010,19000000,0
17.151,Employee Benefits Security Administration (EBSA),2009,2004535,0
17.151,Employee Benefits Security Administration (EBSA),2010,4000000,0
17.269,Community Based Job Training Grants,2010,120000000,0
17.273,Temporary Labor Certification for Foreign Workers,2009,26000000,0
17.273,Temporary Labor Certification for Foreign Workers,2010,27000000,0
17.274,Youthbuild,2010,91000000,0
17.278,WIA Dislocated Worker Formula Grants,2010,1175000000,0
17.280,Workforce Investment Act (WIA) Dislocated Worker National Reserve Demonstration Grants,2009,4000000,0
17.280,Workforce Investment Act (WIA) Dislocated Worker National Reserve Demonstration Grants,2010,15000000,0
17.281,Workforce Investment Act (WIA) Dislocated Worker National Reserve Technical Assistance and Training,2009,7000000,0
17.281,Workforce Investment Act (WIA) Dislocated Worker National Reserve Technical Assistance and Training,2010,7000000,0
16.601,Corrections_Training and Staff Development,2007,7219268,0
16.601,Corrections_Training and Staff Development,2008,6500000,0
16.601,Corrections_Training and Staff Development,2009,7200000,0
17.502,Occupational Safety and Health_Susan Harwood Training Grants,2009,10000000,0
17.502,Occupational Safety and Health_Susan Harwood Training Grants,2010,10750000,0
17.505,OSHA Data Initiative,2009,1321000,0
17.505,OSHA Data Initiative,2010,1321000,0
15.659,National Wildlife Refuge Fund,2008,23303945,0
15.659,National Wildlife Refuge Fund,2009,23000000,0
15.659,National Wildlife Refuge Fund,2010,23000000,0
17.603,Brookwood-Sago Grant,2010,500000,0
17.276,Health Coverage Tax Credit (HCTC)  ,2009,2000000,0
17.277,Workforce Investment Act (WIA) National Emergency Grants,2010,103000000,0
93.142,NIEHS Hazardous Waste Worker Health and Safety Training,2009,26755000,0
93.142,NIEHS Hazardous Waste Worker Health and Safety Training,2010,27171000,0
19.011,Academic Exchange Programs - Special Academic Exchange Programs,2008,38395000,0
19.011,Academic Exchange Programs - Special Academic Exchange Programs,2009,33602000,0
19.014,One-Time International Exchange Grant Program,2008,10000000,0
20.314,Railroad Development,2009,10604849,0
20.314,Railroad Development,2010,25000000,0
20.609,Safety Belt Performance Grants,2010,124500000,0
20.320,Rail Line Relocation and Improvement ,2009,39200000,0
20.320,Rail Line Relocation and Improvement ,2010,34352000,0
20.612,Incentive Grant Program to Increase Motorcyclist Safety,2010,7000000,0
20.601,Alcohol Impaired Driving Countermeasures Incentive Grants I,2010,139000000,0
93.420,ARRA - Community Health Applied Research Network,2010,10000000,0
57.001,Social Insurance for Railroad Workers,2009,10708000000,0
57.001,Social Insurance for Railroad Workers,2010,10947000000,0
20.519,Clean Fuels,2010,66950717,0
20.520,Paul S. Sarbanes Transit in the Parks,2010,36776019,0
21.012,Native Initiatives,2009,6000000,0
21.012,Native Initiatives,2010,10000000,0
23.003,Appalachian Development Highway System,2009,375672092,0
23.011,"Appalachian Research, Technical Assistance, and Demonstration Projects",2009,1290750,0
23.011,"Appalachian Research, Technical Assistance, and Demonstration Projects",2010,1000000,0
21.021,Bank Enterprise Award Program,2010,25000000,0
45.160,Promotion of the Humanities_Fellowships and Stipends,2009,4351200,0
93.338,Foreign Public Health Construction,2010,2000000,0
64.116,Vocational Rehabilitation for Disabled Veterans,2008,622948000,0
64.116,Vocational Rehabilitation for Disabled Veterans,2009,619683000,0
64.116,Vocational Rehabilitation for Disabled Veterans,2010,577280000,0
23.009,Appalachian Local Development District Assistance,2009,6705018,0
23.009,Appalachian Local Development District Assistance,2010,7000000,0
66.517,Regional Applied Research Efforts (RARE) ,2010,540000,0
70.002,Foreign Investment Financing,2008,1374000000,0
70.002,Foreign Investment Financing,2009,2000000000,0
70.002,Foreign Investment Financing,2010,2350000000,0
15.933,Preservation of Japanese American Confinement Sites,2009,1000000,0
15.933,Preservation of Japanese American Confinement Sites,2010,1000000,0
66.604,Environmental Justice Small Grant Program ,2009,800000,0
66.604,Environmental Justice Small Grant Program ,2010,2000000,0
66.610,"Surveys, Studies, Investigations and Special Purpose Grants within the Office of the Administrator",2010,225000,0
84.403,Consolidated Grant to the Outlying Areas,2009,77609922,0
66.816,Headquarters and Regional Underground Storage Tanks Program,2010,790000,0
16.746,Capital Case Litigation,2010,5500000,0
81.042,Weatherization Assistance for Low-Income Persons,2010,206510962,0
66.952,National Network for Environmental Management Studies Fellowship Program,2009,316085,0
66.952,National Network for Environmental Management Studies Fellowship Program,2010,450000,0
90.300,Japan-U.S. Friendship Commission Grants,2009,1600000,0
90.300,Japan-U.S. Friendship Commission Grants,2010,1600000,0
81.126,Federal Loan Guarantees for Innovative Energy Technologies,2009,3361100000,0
81.126,Federal Loan Guarantees for Innovative Energy Technologies,2010,1090000000,0
10.314,New ERA Rural Technology Competitive Grants Program ,2010,809870,0
10.319,Farm Business Management and Benchmarking Competitive Grants Program,2010,1438500,0
84.402,"Consolidated Grants to the Outlying Areas, Recovery Act",2009,39001431,0
85.001,Harry S Truman Scholarship Program,2007,2000000,0
93.134,Grants to Increase Organ Donations,2009,2391572,0
93.134,Grants to Increase Organ Donations,2010,1392776,0
90.500,International Broadcasting Independent Grantee Organizations,2009,238674000,0
90.500,International Broadcasting Independent Grantee Organizations,2010,245741000,0
93.150,Projects for Assistance in Transition from Homelessness (PATH),2010,62121000,0
15.141,Indian Housing Assistance,2010,6886232,0
12.122,"Title VI - Cheyenne River Sioux Tribe, Lower Brule Sioux Tribe, and Terrestrial Wildlife Habitat Restoration, South Dakota - ARRA",2009,2129000,0
10.312,Biomass Research and Development Initiative Competitive Grants Program (BRDI),2010,26880000,0
10.767,Intermediary Relending Program,2010,34000000,0
16.529,"Education, Training, and Enhanced Services to End Violence Against and Abuse of Women with Disabilities ",2010,5919309,0
16.528,Enhanced Training and Services to End Violence and Abuse of Women Later in Life,2010,3648598,0
20.515,State Planning and Research,2009,11637000,0
20.515,State Planning and Research,2010,20221947,0
93.403,ARRA Grants for Training in Primary Care Medicine and Dentistry Training and Enhancement,2010,48000000,0
11.426,Financial Assistance for National Centers for Coastal Ocean Science,2008,1696305,0
11.426,Financial Assistance for National Centers for Coastal Ocean Science,2009,3787710,0
11.426,Financial Assistance for National Centers for Coastal Ocean Science,2010,15000000,0
11.469,Congressionally Identified Awards and  Projects,2008,19592419,0
11.469,Congressionally Identified Awards and  Projects,2009,43951000,0
16.548,Title V_Delinquency Prevention Program,2010,5000000,0
11.452,Unallied Industry Projects,2008,9239991,0
16.320,Services for Trafficking Victims,2010,12500000,0
93.153,"Coordinated Services and Access to Research for Women, Infants, Children, and Youth",2010,72066181,0
16.736,"Transitional Housing Assistance for Victims of Domestic Violence, Dating Violence, Stalking, or Sexual Assault ",2010,15195415,0
16.608,Tribal Court Assistance Program,2010,25000000,0
84.287,Twenty-First Century Community Learning Centers,2010,1081166000,0
93.087,Enhance the Safety of Children Affected by Parental Methamphetamine or Other Substance Abuse,2010,19500000,0
84.351,Arts in Education,2010,40000000,0
93.408,ARRA - Nurse Faculty Loan Program,2010,6611660,0
93.645,Child Welfare Services_State Grants,2010,281744000,0
93.165,Grants to States for Loan Repayment Program,2010,10000000,0
93.590,Community-Based Child Abuse Prevention Grants,2010,41689000,0
93.643,Children's Justice Grants to States,2010,17000000,0
93.924,Ryan White HIV/AIDS Dental Reimbursements Community Based Dental Partnership,2010,3790119,0
93.602,Assets for Independence Demonstration Program,2010,24025000,0
97.041,National Dam Safety Program,2010,7339100,0
11.457,Chesapeake Bay Studies,2008,7717411,0
15.511,Cultural Resources Management,2009,223956,0
15.511,Cultural Resources Management,2010,209118,0
93.710,ARRA - Community Services Block Grant,2010,8363000,0
93.784,Federal Reimbursement of Emergency Health Services Furnished to Undocumented Aliens,2009,144000000,0
93.784,Federal Reimbursement of Emergency Health Services Furnished to Undocumented Aliens,2010,75000000,0
93.942,"Research, Treatment and Education Programs on Lyme Disease in the United States",2009,1400363,0
93.942,"Research, Treatment and Education Programs on Lyme Disease in the United States",2010,1981000,0
10.202,Cooperative Forestry Research,2010,27389470,0
97.048,Federal Disaster Assistance to Individuals and Households in Presidential Declared Disaster Areas,2009,810579689,0
97.048,Federal Disaster Assistance to Individuals and Households in Presidential Declared Disaster Areas,2010,153828554,0
97.033,Disaster Legal Services,2009,96269,0
97.033,Disaster Legal Services,2010,100000,0
64.100,Automobiles and Adaptive Equipment for Certain Disabled Veterans and Members of the Armed Forces,2007,53443000,0
64.100,Automobiles and Adaptive Equipment for Certain Disabled Veterans and Members of the Armed Forces,2008,57300000,0
64.100,Automobiles and Adaptive Equipment for Certain Disabled Veterans and Members of the Armed Forces,2009,61600000,0
97.062,"Scholars and Fellows, and Educational Programs",2009,3500000,0
97.062,"Scholars and Fellows, and Educational Programs",2010,5600000,0
10.311,Beginning Farmer and Rancher Development Program,2009,17280000,0
10.311,Beginning Farmer and Rancher Development Program,2010,18145504,0
11.474,Atlantic Coastal Fisheries Cooperative Management Act,2008,7037464,0
11.474,Atlantic Coastal Fisheries Cooperative Management Act,2009,7195300,0
10.088,Livestock Indemnity Program,2010,1000000,0
81.065,Nuclear Waste Disposal Siting,2010,27000000,0
93.228,Indian Health Service_Health Management Development Program,2009,2586000,0
93.228,Indian Health Service_Health Management Development Program,2010,2586000,0
10.316,Healthy Urban Food Enterprise Development Center (HUFED),2010,900000,0
10.223,Hispanic Serving Institutions Education Grants,2010,8844818,0
93.225,National Research Service Awards_Health Services Research Training,2009,7902000,0
93.225,National Research Service Awards_Health Services Research Training,2010,7827000,0
10.090,Supplemental Revenue Assistance Program,2010,738000000,0
89.003,National Historical Publications and Records Grants,2010,13000000,0
84.378,College Access Challenge Grant Program,2010,150000000,0
10.317,Food Aid Nutrition Enhancement Program,2010,3725994,0
11.604,Standard Reference Materials,2007,12025100,0
15.516,Fort Peck Reservation Rural Water System ,2009,10033406,0
15.516,Fort Peck Reservation Rural Water System ,2010,8000000,0
11.408,Fishermen's Contingency Fund,2008,227900,0
11.408,Fishermen's Contingency Fund,2009,230000,0
20.239,Motor Carrier Research and Technology Programs,2010,8500000,0
10.169,Specialty Crop Block Grant Program,2010,843000,0
11.468,Applied Meteorological Research,2008,12891234,0
11.468,Applied Meteorological Research,2009,12478103,0
11.468,Applied Meteorological Research,2010,10425000,0
93.704,Trans-NIH Recovery Act Loan Repayment Support,2010,12000000,0
10.290,Agricultural Market and Economic Research,2009,616000,0
10.290,Agricultural Market and Economic Research,2010,588000,0
10.778,Research on the Economic Impact of Cooperatives,2007,500000,0
10.778,Research on the Economic Impact of Cooperatives,2008,491535,0
10.559,Summer Food Service Program for Children,2009,356332519,0
10.559,Summer Food Service Program for Children,2010,376521000,0
12.554,English for Heritage Language Speakers Grants to U.S. Institutions of Higher Education,2007,2000000,0
14.142,Property Improvement Loan Insurance for Improving All Existing Structures and Building of New Nonresidential Structures,2009,56448498,0
14.142,Property Improvement Loan Insurance for Improving All Existing Structures and Building of New Nonresidential Structures,2010,60000000,0
14.151,Supplemental Loan Insurance_Multifamily Rental Housing,2009,15767400,0
14.151,Supplemental Loan Insurance_Multifamily Rental Housing,2010,25000000,0
17.604,Safety and Health Grants,2009,1808000,0
17.604,Safety and Health Grants,2010,1450000,0
93.117,Preventive Medicine Residency Program,2010,2365000,0
15.063,Improvement and Repair of Indian Detention Facilities,2007,7292700,0
16.579,Edward Byrne Memorial Formula Grant Program,2008,4245,0
15.029,Tribal Courts,2007,8168840,0
15.620,African Elephant Conservation Fund,2009,2170528,0
15.620,African Elephant Conservation Fund,2010,1900000,0
93.162,National Health Service Corps Loan Repayment Program,2009,63394077,0
93.162,National Health Service Corps Loan Repayment Program,2010,77614769,0
15.044,Indian Schools_Student Transportation,2010,31348000,0
84.370,DC School Choice Incentive Program ,2010,13200000,0
16.020,Children and Youth Exposed,2010,3000000,0
10.306,Biodiesel,2010,960000,0
10.225,Community Food Projects,2010,4800000,0
20.610,State Traffic Safety Information System Improvement Grants,2009,34500000,0
20.610,State Traffic Safety Information System Improvement Grants,2010,34500000,0
93.923,Disadvantaged Health Professions Faculty Loan Repayment (FLRP) and Minority Faculty Fellowship Program (MFFP),2010,56276,0
84.002,Adult Education - Basic Grants to States,2010,628221000,0
84.409,Civil Legal Assistance Attorney Student Loan Repayment Program,2010,5000000,0
93.285,National Institutes of Health Pediatric Research Loan Repayment Program,2008,17406844,0
93.285,National Institutes of Health Pediatric Research Loan Repayment Program,2009,18150387,0
66.516,P3 Award: National Student Design Competition for Sustainability,2010,1100000,0
17.807,Transition Assistance Program,2009,6567718,0
17.807,Transition Assistance Program,2010,7881000,0
84.406,"Capacity Building for Traditionally Underserved Populations, Recovery Act. ",2010,1400000,0
20.523,Capital Assistance Program for Reducing Energy Consumption and Greenhouse Gas Emissions,2009,100000000,0
20.523,Capital Assistance Program for Reducing Energy Consumption and Greenhouse Gas Emissions,2010,75000000,0
10.421,Indian Tribes and Tribal Corporation Loans,2007,3960000,0
20.231,Performance and Registration Information Systems Management,2009,5000000,0
20.231,Performance and Registration Information Systems Management,2010,5000000,0
10.168,Farmers' Market Promotion Program,2010,5000000,0
20.611,Incentive Grant Program to Prohibit Racial Profiling,2010,7500000,0
84.405,"Teacher Quality Partnerships, Recovery Act ",2009,100000000,0
10.448,Rural Development Multi-Family Housing Rural Housing Voucher Demonstration Program,2009,6400000,0
10.448,Rural Development Multi-Family Housing Rural Housing Voucher Demonstration Program,2010,16000000,0
10.450,Crop Insurance,2007,2803070000,0
10.450,Crop Insurance,2008,3663065000,0
64.026,Veterans State Adult Day Health Care,2007,362000,0
64.026,Veterans State Adult Day Health Care,2008,380000,0
64.026,Veterans State Adult Day Health Care,2009,399000,0
84.016,Undergraduate International Studies and Foreign Language Programs,2010,4634000,0
85.104,Life Sciences Awards,2009,45000,0
85.104,Life Sciences Awards,2010,70000,0
93.513,Affordable Care Act (ACA) Advanced Nursing Education Expansion Initiative ,2010,64000000,0
85.101,Homeland Security Award,2009,25000,0
85.101,Homeland Security Award,2010,100000,0
10.405,Farm Labor Housing Loans and Grants,2010,37000000,0
86.001,Pension Plan Termination Insurance,2007,93000000,0
86.001,Pension Plan Termination Insurance,2008,106000000,0
12.553,National Flagship Language Program Fellowships,2007,12000000,0
12.553,National Flagship Language Program Fellowships,2008,12000000,0
93.791,Money Follows the Person Rebalancing Demonstration ,2010,452200000,0
84.410,Education Jobs Fund,2010,10000000000,0
11.553,Special Projects,2010,6700,0
85.402,Morris K. Udall Native American Congressional Internship Program,2008,93780,0
85.402,Morris K. Udall Native American Congressional Internship Program,2009,97680,0
85.402,Morris K. Udall Native American Congressional Internship Program,2010,98000,0
10.411,Rural Housing Site Loans and Self_Help Housing Land Development Loans,2010,4970000,0
10.305,International Science and Education Grants,2010,2864582,0
91.001,Annual Grant Competition,2008,3361805,0
91.001,Annual Grant Competition,2009,2000000,0
84.013,Title I State Agency Program for Neglected and Delinquent Children,2010,50427000,0
10.665,Schools and Roads - Grants to States,2010,405000000,0
84.044,TRIO_Talent Search,2010,142000000,0
93.256,State Health Access Program ,2010,75000000,0
93.251,Universal Newborn Hearing Screening,2010,17665372,0
10.215,Sustainable Agriculture Research and Education,2009,13477464,0
10.215,Sustainable Agriculture Research and Education,2010,13572000,0
93.254,Infant Adoption Awareness Training,2010,12953000,0
93.257,"Grants for Education, Prevention, and Early Detection of Radiogenic Cancers and Diseases",2010,1952000,0
93.264,Nurse Faculty Loan Program (NFLP),2009,10679570,0
93.264,Nurse Faculty Loan Program (NFLP),2010,23480276,0
90.201,Delta Area Economic Development,2007,8015805,0
90.201,Delta Area Economic Development,2008,7789000,0
90.201,Delta Area Economic Development,2009,8000000,0
85.601,Smithsonian Institution Fellowship Program,2007,1000000,0
10.689,Community Forest and Open Space Conservation Program (CFP),2010,500000,0
93.220,Clinical Research Loan Repayment Program for Individuals from Disadvantaged Backgrounds,2009,77469,0
93.220,Clinical Research Loan Repayment Program for Individuals from Disadvantaged Backgrounds,2010,361000,0
93.223,Development and Coordination of Rural Health Services,2010,1100000,0
15.932,Preservation of Historic Structures on the Campuses of Historically Black Colleges and Universities (HBCUs).,2009,15000000,0
10.666,Schools and Roads - Grants to Counties,2010,17500000,0
10.170,Specialty Crop Block Grant Program - Farm Bill,2010,55000000,0
12.551,National Security Education Program David L. Boren Scholarships,2007,2000000,0
12.560,"DOD, NDEP, DOTC-STEM Education Outreach Implementation",2010,4000000,0
93.043,"Special Programs for the Aging_Title III, Part D_Disease Prevention and Health Promotion Services",2009,21026000,0
93.043,"Special Programs for the Aging_Title III, Part D_Disease Prevention and Health Promotion Services",2010,21026000,0
90.400,Help America Vote College Program,2010,750000,0
19.204,Fishermen's Guaranty Fund,2007,500000,0
84.361,Voluntary Public School Choice,2008,25819000,0
84.361,Voluntary Public School Choice,2010,25819000,0
81.133,Geologic Sequestration Training and Research Grant Program,2009,19900000,0
10.156,Federal-State Marketing Improvement Program,2010,1684000,0
12.552,National Security Education Program David L. Boren Fellowships,2007,2000000,0
12.113,State Memorandum of Agreement Program for the Reimbursement of Technical Services,2007,41844600,0
91.002,Priority Grant Competition,2008,2543755,0
91.002,Priority Grant Competition,2009,1500000,0
93.288,National Health Service Corps Scholarship Program,2009,19441374,0
93.288,National Health Service Corps Scholarship Program,2010,9747120,0
93.409,Faculty Loan Repayment Programs,2009,1194841,0
10.092,Tree Assistance Program,2010,5000000,0
10.922,Healthy Forests Reserve Program (HFRP),2009,1256457,0
93.358,Advanced Nursing Education Traineeships,2010,16000000,0
93.052,"National Family Caregiver Support, Title III, Part E",2009,154220000,0
93.052,"National Family Caregiver Support, Title III, Part E",2010,154220000,0
93.232,Loan Repayment Program for General Research,2009,4972327,0
93.232,Loan Repayment Program for General Research,2010,4767000,0
10.222,Tribal Colleges Endowment Program,2009,3669843,0
10.222,Tribal Colleges Endowment Program,2010,4096122,0
10.555,National School Lunch Program,2010,10218168000,0
93.400,National Health Service Corps Scholarship Program,2009,8411500,0
93.400,National Health Service Corps Scholarship Program,2010,20446445,0
93.401,ARRA - National Health Service Corps Loan Repayment ,2009,37087055,0
93.401,ARRA - National Health Service Corps Loan Repayment ,2010,93195000,0
93.404,ARRA  Dental Public Health Residency Training Grants,2010,272366,0
84.010,Title I Grants to Local Educational Agencies,2010,492401000,0
93.411,ARRA  Equipment to Enhance Training for Health Professionals,2010,50000000,0
84.021,Overseas Programs - Group Projects Abroad,2010,5504123,0
93.503,Affordable Care Act (ACA) Nursing and Home Health Aides Training Program,2010,2605000,0
20.816,Americas Marine Highway Grants,2010,7000000,0
93.551,Abandoned Infants,2010,11628000,0
93.669,Child Abuse and Neglect State Grants,2010,26535000,0
93.617,Voting Access for Individuals with Disabilities_Grants to States,2010,12154000,0
93.647,Social Services Research and Demonstration,2010,25372000,0
84.128,Rehabilitation Services_Service Projects,2010,2474000,0
84.141,Migrant Education_High School Equivalency Program,2010,19948431,0
93.670,Child Abuse and Neglect Discretionary Activities,2010,29020000,0
10.086,Aquaculture Grants Program (AGP),2009,50000000,0
10.216,1890 Institution Capacity Building Grants,2010,31315260,0
93.648,Child Welfare Research Training or Demonstration ,2010,27207000,0
93.715,Recovery Act  Comparative Effectiveness Research - AHRQ,2010,198200000,0
93.769,Demonstration to Maintain Independence and Employment,2009,3490710,0
10.320,Sun Grant Program,2010,2106000,0
93.822,Health Careers Opportunity Program,2010,22133000,0
10.219,Biotechnology Risk Assessment Research,2010,3810820,0
10.459,Commodity Partnerships for Small Agricultural Risk Management Education Sessions,2007,415655,0
10.459,Commodity Partnerships for Small Agricultural Risk Management Education Sessions,2008,500000,0
10.459,Commodity Partnerships for Small Agricultural Risk Management Education Sessions,2009,500000,0
15.226,Payments in Lieu of Taxes,2007,198000000,0
10.053,Dairy Indemnity Program,2009,650788,0
10.053,Dairy Indemnity Program,2010,1208601,0
20.814,Assistance to Small Shipyards,2010,15000000,0
10.856,1890 Land Grant Institutions Rural Entrepreneurial Outreach Program,2007,1500000,0
93.917,HIV Care Formula Grants,2010,1203976183,0
84.185,Byrd Honors Scholarships,2010,42000000,0
93.889,National Bioterrorism Hospital Preparedness Program,2010,390500000,0
84.196,Education for Homeless Children and Youth,2010,65427000,0
10.923,Emergency Watershed Protection Program,2009,205031100,0
10.923,Emergency Watershed Protection Program,2010,180709100,0
97.110,Severe Loss Repetitive Program,2009,63000000,0
97.110,Severe Loss Repetitive Program,2010,35000000,0
93.908,Nursing Education Loan Repayment Program ,2009,19994198,0
93.908,Nursing Education Loan Repayment Program ,2010,55571901,0
93.054,"National Family Caregiver Support, Title VI, Part C, Grants To Indian Tribes And Native Hawaiians",2010,6000000,0
84.363,School Leadership,2010,29220000,0
10.318,"Women and Minorities in Science, Technology, Engineering, and",2010,364000,0
93.071,Medicare Enrollment Assistance Program,2010,30000000,0
93.280,National Institutes of Health Loan Repayment Program for Clinical Researchers,2009,40286759,0
93.280,National Institutes of Health Loan Repayment Program for Clinical Researchers,2010,45000000,0
10.080,Milk Income Loss Contract Program ,2007,330000000,0
93.296,State Partnership Grant Program to Improve Minority Health ,2007,4979018,0
93.296,State Partnership Grant Program to Improve Minority Health ,2008,4979018,0
85.401,Morris K. Udall Fellowship Program,2008,48000,0
85.401,Morris K. Udall Fellowship Program,2009,48000,0
85.401,Morris K. Udall Fellowship Program,2010,48000,0
12.120,Northeastern Minnesota  Environmental Infrastructure (Section 569) - ARRA,2009,2655000,0
12.120,Northeastern Minnesota  Environmental Infrastructure (Section 569) - ARRA,2010,4242000,0
93.605,Family Connection Grants,2010,15000000,0
20.301,Railroad Safety,2009,3948000,0
20.301,Railroad Safety,2010,1790000,0
93.209,Contraception and Infertility Research Loan Repayment Program,2009,1069015,0
93.209,Contraception and Infertility Research Loan Repayment Program,2010,1000000,0
93.178,Nursing Workforce Diversity,2010,15561880,0
10.055,Direct and Counter-cyclical Payments Program,2010,5144270000,0
93.187,Undergraduate Scholarship Program for Individuals from Disadvantaged Backgrounds,2009,280000,0
93.187,Undergraduate Scholarship Program for Individuals from Disadvantaged Backgrounds,2010,400000,0
10.313,Veterinary Medicine Loan Repayment Program ,2010,8606987,0
12.352,Scientific Research - Combating Weapons of Mass Destruction,2007,500000,0
12.352,Scientific Research - Combating Weapons of Mass Destruction,2008,1000000,0
93.185,"Immunization Research, Demonstration, Public Information and Education_Training and Clinical Skills Improvement Projects",2010,9200000,0
93.364,Nursing Student Loans,2010,1073242,0
77.006,U. S. Nuclear Regulatory Commission Nuclear Education Grant Program,2010,4700000,0
16.748,Convicted Offender and/or Arrestee DNA Backlog Reduction Program,2010,155263000,0
93.155,Rural Health Research Centers,2010,4740000,0
93.291,Surplus Property Utilization,2009,674000,0
93.291,Surplus Property Utilization,2010,691000,0
21.010,Financial Education and Counseling Pilot Program,2010,6150000,0
10.221,Tribal Colleges Education Equity Grants,2010,3342000,0
66.707,TSCA Title IV State Lead Grants Certification of Lead-Based Paint Professionals,2010,14564000,0
93.164,Indian Health Service Educational Loan Repayment,2009,23608630,0
93.164,Indian Health Service Educational Loan Repayment,2010,21714581,0
84.362,Native Hawaiian Education,2010,34315000,0
64.127,Monthly Allowance for Children of Vietnam Veterans Born with Spina Bifida,2007,18254000,0
64.127,Monthly Allowance for Children of Vietnam Veterans Born with Spina Bifida,2008,18706000,0
64.127,Monthly Allowance for Children of Vietnam Veterans Born with Spina Bifida,2009,19207000,0
10.207,Animal Health and Disease Research,2009,2725600,0
10.207,Animal Health and Disease Research,2010,2735240,0
93.265,Comprehensive Geriatric Education Program(CGEP),2010,4567000,0
10.099,Conservation Loans ,2010,75000000,0
93.308,Extramural Loan Repayment for Individuals from Disadvantaged Backgrounds Conducting Clinical Research,2009,13132490,0
93.308,Extramural Loan Repayment for Individuals from Disadvantaged Backgrounds Conducting Clinical Research,2010,11847226,0
64.126,Native American Veteran Direct Loan Program,2007,7701000,0
64.126,Native American Veteran Direct Loan Program,2008,12428000,0
64.126,Native American Veteran Direct Loan Program,2009,12676000,0
64.029,Purchase Care Program,2009,3820700161,0
64.029,Purchase Care Program,2010,3836616950,0
64.104,Pension for Non-Service-Connected Disability for Veterans,2008,2858181000,0
64.104,Pension for Non-Service-Connected Disability for Veterans,2009,2879950000,0
64.104,Pension for Non-Service-Connected Disability for Veterans,2010,2899009000,0
64.027,Post-9/11 Veterans Educational Assistance,2009,162053000,0
64.027,Post-9/11 Veterans Educational Assistance,2010,7363987000,0
64.024,VA Homeless Providers Grant and Per Diem Program,2009,122000000,0
84.019,Overseas Programs - Faculty Research Abroad,2010,1584200,0
20.614,National Highway Traffic Safety Administration (NHTSA) Discretionary Safety Grants ,2010,40000000,0
11.010,Community Trade Adjustment Assistance ,2010,40000000,0
84.022,Overseas Programs - Doctoral Dissertation Research Abroad,2010,5984734,0
84.103,TRIO Staff Training Program,2010,3400000,0
84.069,Leveraging Educational Assistance Partnership,2010,63852000,0
84.018,Overseas Programs_Special Bilateral Projects,2009,2380155,0
84.018,Overseas Programs_Special Bilateral Projects,2010,2249221,0
10.093,Voluntary Public Access and Habitat Incentive Program,2010,16667000,0
93.418,ARRA - Emergency Medical Services for Children,2010,3500000,0
15.616,Clean Vessel Act,2010,8455691,0
16.582,Crime Victim Assistance/Discretionary Grants,2010,31892000,0
84.283,Comprehensive Centers,2010,56313000,0
84.328,Special Education_Parent Information Centers,2010,28028000,0
20.313,Railroad Research and Development,2009,6889000,0
20.313,Railroad Research and Development,2010,1536000,0
93.410,ARRA  Licensure Portability Grant Program,2009,350000,0
12.360,Research on Chemical and Biological Defense,2007,3752500,0
10.569,Emergency Food Assistance Program (Food Commodities),2010,248000000,0
93.091,Social Services and Income Maintenance Benefits Enrollment Coordination Grants,2010,2000000,0
93.275,Substance Abuse and Mental Health Services-Access to Recovery,2010,55314030,0
45.025,Promotion of the Arts_Partnership Agreements,2009,73225900,0
45.025,Promotion of the Arts_Partnership Agreements,2010,58337710,0
93.601,Child Support Enforcement Demonstrations and Special Projects,2010,755000,0
93.047,"Special Programs for the Aging_Title VI, Part A, Grants to Indian Tribes_Part B, Grants to Native Hawaiians",2010,28000000,0
93.360,"Biomedical Advanced Research and Development Authority (BARDA), Biodefense Medical Countermeasure Development",2009,15000000,0
93.360,"Biomedical Advanced Research and Development Authority (BARDA), Biodefense Medical Countermeasure Development",2010,16000000,0
84.129,Rehabilitation Long-Term Training,2010,19549000,0
